{"cameraMode":{"drawMode":0,"name":"Shaded","section":"Shading Mode"},"sceneLighting":true,"audioPlay":false,"sceneViewState":{"showFog":true,"showMaterialUpdate":false,"showSkybox":true,"showFlares":true,"showImageEffects":true,"showParticleSystems":true},"in2DMode":false,"pivot":{"x":25.58344841003418,"y":-3.3313698768615724,"z":18.146507263183595},"rotation":{"x":0.0958767682313919,"y":0.5167922973632813,"z":-0.058408211916685107,"w":0.8487721681594849},"size":26.235408782958986,"orthographic":false}