{"cameraMode":{"drawMode":0,"name":"Shaded","section":"Shading Mode"},"sceneLighting":true,"audioPlay":false,"sceneViewState":{"showFog":true,"showMaterialUpdate":false,"showSkybox":true,"showFlares":true,"showImageEffects":true,"showParticleSystems":true},"in2DMode":false,"pivot":{"x":6.972221851348877,"y":1.666761875152588,"z":4.495517730712891},"rotation":{"x":-0.0026109260506927969,"y":-0.8504470586776733,"z":-0.003677299013361335,"w":0.5263150334358215},"size":4.999789714813232,"orthographic":false}